,file_name
0,03-01-08-02-02-01-01.wav
1,03-01-08-01-01-01-01.wav
2,03-01-05-01-02-01-01.wav
3,03-01-06-01-02-02-01.wav
4,03-01-06-02-01-02-01.wav
5,03-01-05-02-01-01-01.wav
6,03-01-07-01-01-01-01.wav
7,03-01-04-01-01-02-01.wav
8,03-01-04-02-02-02-01.wav
9,03-01-07-02-02-01-01.wav
10,03-01-03-02-02-02-01.wav
11,03-01-03-01-01-02-01.wav
12,03-01-02-02-01-01-01.wav
13,03-01-01-01-02-02-01.wav
14,03-01-02-01-02-01-01.wav
15,03-01-03-02-01-01-01.wav
16,03-01-03-01-02-01-01.wav
17,03-01-02-02-02-02-01.wav
18,03-01-02-01-01-02-01.wav
19,03-01-01-01-01-01-01.wav
20,03-01-08-02-01-02-01.wav
21,03-01-08-01-02-02-01.wav
22,03-01-06-01-01-01-01.wav
23,03-01-05-01-01-02-01.wav
24,03-01-05-02-02-02-01.wav
25,03-01-06-02-02-01-01.wav
26,03-01-04-01-02-01-01.wav
27,03-01-07-01-02-02-01.wav
28,03-01-07-02-01-02-01.wav
29,03-01-04-02-01-01-01.wav
30,03-01-02-01-02-02-01.wav
31,03-01-01-01-02-01-01.wav
32,03-01-02-02-01-02-01.wav
33,03-01-03-01-01-01-01.wav
34,03-01-03-02-02-01-01.wav
35,03-01-08-01-01-02-01.wav
36,03-01-08-02-02-02-01.wav
37,03-01-07-02-02-02-01.wav
38,03-01-04-02-02-01-01.wav
39,03-01-04-01-01-01-01.wav
40,03-01-07-01-01-02-01.wav
41,03-01-05-02-01-02-01.wav
42,03-01-06-02-01-01-01.wav
43,03-01-06-01-02-01-01.wav
44,03-01-05-01-02-02-01.wav
45,03-01-08-01-02-01-01.wav
46,03-01-08-02-01-01-01.wav
47,03-01-04-02-01-02-01.wav
48,03-01-07-02-01-01-01.wav
49,03-01-07-01-02-01-01.wav
50,03-01-04-01-02-02-01.wav
51,03-01-06-02-02-02-01.wav
52,03-01-05-02-02-01-01.wav
53,03-01-05-01-01-01-01.wav
54,03-01-06-01-01-02-01.wav
55,03-01-01-01-01-02-01.wav
56,03-01-02-01-01-01-01.wav
57,03-01-02-02-02-01-01.wav
58,03-01-03-01-02-02-01.wav
59,03-01-03-02-01-02-01.wav
60,03-02-03-02-02-02-01.wav
61,03-02-03-01-01-02-01.wav
62,03-02-02-02-01-01-01.wav
63,03-02-02-01-02-01-01.wav
64,03-02-01-01-02-02-01.wav
65,03-02-06-01-02-02-01.wav
66,03-02-05-01-02-01-01.wav
67,03-02-05-02-01-01-01.wav
68,03-02-06-02-01-02-01.wav
69,03-02-04-01-01-02-01.wav
70,03-02-04-02-02-02-01.wav
71,03-02-05-01-01-02-01.wav
72,03-02-06-01-01-01-01.wav
73,03-02-06-02-02-01-01.wav
74,03-02-05-02-02-02-01.wav
75,03-02-04-01-02-01-01.wav
76,03-02-04-02-01-01-01.wav
77,03-02-03-02-01-01-01.wav
78,03-02-03-01-02-01-01.wav
79,03-02-02-02-02-02-01.wav
80,03-02-01-01-01-01-01.wav
81,03-02-02-01-01-02-01.wav
82,03-02-04-02-02-01-01.wav
83,03-02-04-01-01-01-01.wav
84,03-02-06-02-01-01-01.wav
85,03-02-05-02-01-02-01.wav
86,03-02-05-01-02-02-01.wav
87,03-02-06-01-02-01-01.wav
88,03-02-01-01-02-01-01.wav
89,03-02-02-01-02-02-01.wav
90,03-02-02-02-01-02-01.wav
91,03-02-03-01-01-01-01.wav
92,03-02-03-02-02-01-01.wav
93,03-02-02-01-01-01-01.wav
94,03-02-01-01-01-02-01.wav
95,03-02-02-02-02-01-01.wav
96,03-02-03-01-02-02-01.wav
97,03-02-03-02-01-02-01.wav
98,03-02-04-02-01-02-01.wav
99,03-02-04-01-02-02-01.wav
100,03-02-05-02-02-01-01.wav
101,03-02-06-02-02-02-01.wav
102,03-02-06-01-01-02-01.wav
103,03-02-05-01-01-01-01.wav
104,03-01-06-01-02-02-02.wav
105,03-01-05-01-02-01-02.wav
106,03-01-05-02-01-01-02.wav
107,03-01-06-02-01-02-02.wav
108,03-01-04-01-01-02-02.wav
109,03-01-07-01-01-01-02.wav
110,03-01-07-02-02-01-02.wav
111,03-01-04-02-02-02-02.wav
112,03-01-08-02-02-01-02.wav
113,03-01-08-01-01-01-02.wav
114,03-01-03-02-02-02-02.wav
115,03-01-03-01-01-02-02.wav
116,03-01-02-02-01-01-02.wav
117,03-01-02-01-02-01-02.wav
118,03-01-01-01-02-02-02.wav
119,03-01-03-02-01-01-02.wav
120,03-01-03-01-02-01-02.wav
121,03-01-02-02-02-02-02.wav
122,03-01-01-01-01-01-02.wav
123,03-01-02-01-01-02-02.wav
124,03-01-05-01-01-02-02.wav
125,03-01-06-01-01-01-02.wav
126,03-01-06-02-02-01-02.wav
127,03-01-05-02-02-02-02.wav
128,03-01-07-01-02-02-02.wav
129,03-01-04-01-02-01-02.wav
130,03-01-04-02-01-01-02.wav
131,03-01-07-02-01-02-02.wav
132,03-01-08-02-01-02-02.wav
133,03-01-08-01-02-02-02.wav
134,03-01-01-01-02-01-02.wav
135,03-01-02-01-02-02-02.wav
136,03-01-02-02-01-02-02.wav
137,03-01-03-01-01-01-02.wav
138,03-01-03-02-02-01-02.wav
139,03-01-04-02-02-01-02.wav
140,03-01-07-02-02-02-02.wav
141,03-01-07-01-01-02-02.wav
142,03-01-04-01-01-01-02.wav
143,03-01-06-02-01-01-02.wav
144,03-01-05-02-01-02-02.wav
145,03-01-05-01-02-02-02.wav
146,03-01-06-01-02-01-02.wav
147,03-01-08-01-01-02-02.wav
148,03-01-08-02-02-02-02.wav
149,03-01-07-02-01-01-02.wav
150,03-01-04-02-01-02-02.wav
151,03-01-04-01-02-02-02.wav
152,03-01-07-01-02-01-02.wav
153,03-01-05-02-02-01-02.wav
154,03-01-06-02-02-02-02.wav
155,03-01-06-01-01-02-02.wav
156,03-01-05-01-01-01-02.wav
157,03-01-08-01-02-01-02.wav
158,03-01-08-02-01-01-02.wav
159,03-01-02-01-01-01-02.wav
160,03-01-01-01-01-02-02.wav
161,03-01-02-02-02-01-02.wav
162,03-01-03-01-02-02-02.wav
163,03-01-03-02-01-02-02.wav
164,03-02-03-02-02-02-02.wav
165,03-02-03-01-01-02-02.wav
166,03-02-02-02-01-01-02.wav
167,03-02-01-01-02-02-02.wav
168,03-02-02-01-02-01-02.wav
169,03-02-05-01-02-01-02.wav
170,03-02-06-01-02-02-02.wav
171,03-02-06-02-01-02-02.wav
172,03-02-05-02-01-01-02.wav
173,03-02-04-01-01-02-02.wav
174,03-02-04-02-02-02-02.wav
175,03-02-06-01-01-01-02.wav
176,03-02-05-01-01-02-02.wav
177,03-02-05-02-02-02-02.wav
178,03-02-06-02-02-01-02.wav
179,03-02-04-01-02-01-02.wav
180,03-02-04-02-01-01-02.wav
181,03-02-03-02-01-01-02.wav
182,03-02-03-01-02-01-02.wav
183,03-02-02-02-02-02-02.wav
184,03-02-02-01-01-02-02.wav
185,03-02-01-01-01-01-02.wav
186,03-02-04-02-02-01-02.wav
187,03-02-04-01-01-01-02.wav
188,03-02-05-02-01-02-02.wav
189,03-02-06-02-01-01-02.wav
190,03-02-06-01-02-01-02.wav
191,03-02-05-01-02-02-02.wav
192,03-02-02-01-02-02-02.wav
193,03-02-01-01-02-01-02.wav
194,03-02-02-02-01-02-02.wav
195,03-02-03-01-01-01-02.wav
196,03-02-03-02-02-01-02.wav
197,03-02-01-01-01-02-02.wav
198,03-02-02-01-01-01-02.wav
199,03-02-02-02-02-01-02.wav
200,03-02-03-01-02-02-02.wav
201,03-02-03-02-01-02-02.wav
202,03-02-04-02-01-02-02.wav
203,03-02-04-01-02-02-02.wav
204,03-02-06-02-02-02-02.wav
205,03-02-05-02-02-01-02.wav
206,03-02-05-01-01-01-02.wav
207,03-02-06-01-01-02-02.wav
208,03-01-04-02-02-02-03.wav
209,03-01-07-02-02-01-03.wav
210,03-01-07-01-01-01-03.wav
211,03-01-04-01-01-02-03.wav
212,03-01-06-02-01-02-03.wav
213,03-01-05-02-01-01-03.wav
214,03-01-05-01-02-01-03.wav
215,03-01-06-01-02-02-03.wav
216,03-01-08-01-01-01-03.wav
217,03-01-08-02-02-01-03.wav
218,03-01-01-01-02-02-03.wav
219,03-01-02-01-02-01-03.wav
220,03-01-02-02-01-01-03.wav
221,03-01-03-01-01-02-03.wav
222,03-01-03-02-02-02-03.wav
223,03-01-02-01-01-02-03.wav
224,03-01-01-01-01-01-03.wav
225,03-01-02-02-02-02-03.wav
226,03-01-03-01-02-01-03.wav
227,03-01-03-02-01-01-03.wav
228,03-01-07-02-01-02-03.wav
229,03-01-04-02-01-01-03.wav
230,03-01-04-01-02-01-03.wav
231,03-01-07-01-02-02-03.wav
232,03-01-05-02-02-02-03.wav
233,03-01-06-02-02-01-03.wav
234,03-01-06-01-01-01-03.wav
235,03-01-05-01-01-02-03.wav
236,03-01-08-01-02-02-03.wav
237,03-01-08-02-01-02-03.wav
238,03-01-03-02-02-01-03.wav
239,03-01-03-01-01-01-03.wav
240,03-01-02-02-01-02-03.wav
241,03-01-02-01-02-02-03.wav
242,03-01-01-01-02-01-03.wav
243,03-01-06-01-02-01-03.wav
244,03-01-05-01-02-02-03.wav
245,03-01-05-02-01-02-03.wav
246,03-01-06-02-01-01-03.wav
247,03-01-04-01-01-01-03.wav
248,03-01-07-01-01-02-03.wav
249,03-01-07-02-02-02-03.wav
250,03-01-04-02-02-01-03.wav
251,03-01-08-02-02-02-03.wav
252,03-01-08-01-01-02-03.wav
253,03-01-05-01-01-01-03.wav
254,03-01-06-01-01-02-03.wav
255,03-01-06-02-02-02-03.wav
256,03-01-05-02-02-01-03.wav
257,03-01-07-01-02-01-03.wav
258,03-01-04-01-02-02-03.wav
259,03-01-04-02-01-02-03.wav
260,03-01-07-02-01-01-03.wav
261,03-01-08-02-01-01-03.wav
262,03-01-08-01-02-01-03.wav
263,03-01-03-02-01-02-03.wav
264,03-01-03-01-02-02-03.wav
265,03-01-02-02-02-01-03.wav
266,03-01-01-01-01-02-03.wav
267,03-01-02-01-01-01-03.wav
268,03-02-02-01-02-01-03.wav
269,03-02-01-01-02-02-03.wav
270,03-02-02-02-01-01-03.wav
271,03-02-03-01-01-02-03.wav
272,03-02-03-02-02-02-03.wav
273,03-02-04-02-02-02-03.wav
274,03-02-04-01-01-02-03.wav
275,03-02-05-02-01-01-03.wav
276,03-02-06-02-01-02-03.wav
277,03-02-06-01-02-02-03.wav
278,03-02-05-01-02-01-03.wav
279,03-02-04-02-01-01-03.wav
280,03-02-04-01-02-01-03.wav
281,03-02-06-02-02-01-03.wav
282,03-02-05-02-02-02-03.wav
283,03-02-05-01-01-02-03.wav
284,03-02-06-01-01-01-03.wav
285,03-02-01-01-01-01-03.wav
286,03-02-02-01-01-02-03.wav
287,03-02-02-02-02-02-03.wav
288,03-02-03-01-02-01-03.wav
289,03-02-03-02-01-01-03.wav
290,03-02-05-01-02-02-03.wav
291,03-02-06-01-02-01-03.wav
292,03-02-06-02-01-01-03.wav
293,03-02-05-02-01-02-03.wav
294,03-02-04-01-01-01-03.wav
295,03-02-04-02-02-01-03.wav
296,03-02-03-02-02-01-03.wav
297,03-02-03-01-01-01-03.wav
298,03-02-02-02-01-02-03.wav
299,03-02-01-01-02-01-03.wav
300,03-02-02-01-02-02-03.wav
301,03-02-03-02-01-02-03.wav
302,03-02-03-01-02-02-03.wav
303,03-02-02-02-02-01-03.wav
304,03-02-02-01-01-01-03.wav
305,03-02-01-01-01-02-03.wav
306,03-02-06-01-01-02-03.wav
307,03-02-05-01-01-01-03.wav
308,03-02-05-02-02-01-03.wav
309,03-02-06-02-02-02-03.wav
310,03-02-04-01-02-02-03.wav
311,03-02-04-02-01-02-03.wav
312,03-01-03-02-02-02-04.wav
313,03-01-03-01-01-02-04.wav
314,03-01-02-02-01-01-04.wav
315,03-01-01-01-02-02-04.wav
316,03-01-02-01-02-01-04.wav
317,03-01-05-01-02-01-04.wav
318,03-01-06-01-02-02-04.wav
319,03-01-06-02-01-02-04.wav
320,03-01-05-02-01-01-04.wav
321,03-01-07-01-01-01-04.wav
322,03-01-04-01-01-02-04.wav
323,03-01-04-02-02-02-04.wav
324,03-01-07-02-02-01-04.wav
325,03-01-08-02-02-01-04.wav
326,03-01-08-01-01-01-04.wav
327,03-01-06-01-01-01-04.wav
328,03-01-05-01-01-02-04.wav
329,03-01-05-02-02-02-04.wav
330,03-01-06-02-02-01-04.wav
331,03-01-04-01-02-01-04.wav
332,03-01-07-01-02-02-04.wav
333,03-01-07-02-01-02-04.wav
334,03-01-04-02-01-01-04.wav
335,03-01-08-02-01-02-04.wav
336,03-01-08-01-02-02-04.wav
337,03-01-03-02-01-01-04.wav
338,03-01-03-01-02-01-04.wav
339,03-01-02-02-02-02-04.wav
340,03-01-02-01-01-02-04.wav
341,03-01-01-01-01-01-04.wav
342,03-01-07-02-02-02-04.wav
343,03-01-04-02-02-01-04.wav
344,03-01-04-01-01-01-04.wav
345,03-01-07-01-01-02-04.wav
346,03-01-05-02-01-02-04.wav
347,03-01-06-02-01-01-04.wav
348,03-01-06-01-02-01-04.wav
349,03-01-05-01-02-02-04.wav
350,03-01-08-01-01-02-04.wav
351,03-01-08-02-02-02-04.wav
352,03-01-02-01-02-02-04.wav
353,03-01-01-01-02-01-04.wav
354,03-01-02-02-01-02-04.wav
355,03-01-03-01-01-01-04.wav
356,03-01-03-02-02-01-04.wav
357,03-01-01-01-01-02-04.wav
358,03-01-02-01-01-01-04.wav
359,03-01-02-02-02-01-04.wav
360,03-01-03-01-02-02-04.wav
361,03-01-03-02-01-02-04.wav
362,03-01-04-02-01-02-04.wav
363,03-01-07-02-01-01-04.wav
364,03-01-07-01-02-01-04.wav
365,03-01-04-01-02-02-04.wav
366,03-01-06-02-02-02-04.wav
367,03-01-05-02-02-01-04.wav
368,03-01-05-01-01-01-04.wav
369,03-01-06-01-01-02-04.wav
370,03-01-08-01-02-01-04.wav
371,03-01-08-02-01-01-04.wav
372,03-02-06-01-02-02-04.wav
373,03-02-05-01-02-01-04.wav
374,03-02-05-02-01-01-04.wav
375,03-02-06-02-01-02-04.wav
376,03-02-04-01-01-02-04.wav
377,03-02-04-02-02-02-04.wav
378,03-02-03-02-02-02-04.wav
379,03-02-03-01-01-02-04.wav
380,03-02-02-02-01-01-04.wav
381,03-02-02-01-02-01-04.wav
382,03-02-01-01-02-02-04.wav
383,03-02-03-02-01-01-04.wav
384,03-02-03-01-02-01-04.wav
385,03-02-02-02-02-02-04.wav
386,03-02-01-01-01-01-04.wav
387,03-02-02-01-01-02-04.wav
388,03-02-05-01-01-02-04.wav
389,03-02-06-01-01-01-04.wav
390,03-02-06-02-02-01-04.wav
391,03-02-05-02-02-02-04.wav
392,03-02-04-01-02-01-04.wav
393,03-02-04-02-01-01-04.wav
394,03-02-01-01-02-01-04.wav
395,03-02-02-01-02-02-04.wav
396,03-02-02-02-01-02-04.wav
397,03-02-03-01-01-01-04.wav
398,03-02-03-02-02-01-04.wav
399,03-02-04-02-02-01-04.wav
400,03-02-04-01-01-01-04.wav
401,03-02-06-02-01-01-04.wav
402,03-02-05-02-01-02-04.wav
403,03-02-05-01-02-02-04.wav
404,03-02-06-01-02-01-04.wav
405,03-02-04-02-01-02-04.wav
406,03-02-04-01-02-02-04.wav
407,03-02-05-02-02-01-04.wav
408,03-02-06-02-02-02-04.wav
409,03-02-06-01-01-02-04.wav
410,03-02-05-01-01-01-04.wav
411,03-02-02-01-01-01-04.wav
412,03-02-01-01-01-02-04.wav
413,03-02-02-02-02-01-04.wav
414,03-02-03-01-02-02-04.wav
415,03-02-03-02-01-02-04.wav
416,03-01-02-01-02-01-05.wav
417,03-01-01-01-02-02-05.wav
418,03-01-02-02-01-01-05.wav
419,03-01-03-01-01-02-05.wav
420,03-01-03-02-02-02-05.wav
421,03-01-07-02-02-01-05.wav
422,03-01-04-02-02-02-05.wav
423,03-01-04-01-01-02-05.wav
424,03-01-07-01-01-01-05.wav
425,03-01-05-02-01-01-05.wav
426,03-01-06-02-01-02-05.wav
427,03-01-06-01-02-02-05.wav
428,03-01-05-01-02-01-05.wav
429,03-01-08-01-01-01-05.wav
430,03-01-08-02-02-01-05.wav
431,03-01-04-02-01-01-05.wav
432,03-01-07-02-01-02-05.wav
433,03-01-07-01-02-02-05.wav
434,03-01-04-01-02-01-05.wav
435,03-01-06-02-02-01-05.wav
436,03-01-05-02-02-02-05.wav
437,03-01-05-01-01-02-05.wav
438,03-01-06-01-01-01-05.wav
439,03-01-08-01-02-02-05.wav
440,03-01-08-02-01-02-05.wav
441,03-01-01-01-01-01-05.wav
442,03-01-02-01-01-02-05.wav
443,03-01-02-02-02-02-05.wav
444,03-01-03-01-02-01-05.wav
445,03-01-03-02-01-01-05.wav
446,03-01-05-01-02-02-05.wav
447,03-01-06-01-02-01-05.wav
448,03-01-06-02-01-01-05.wav
449,03-01-05-02-01-02-05.wav
450,03-01-07-01-01-02-05.wav
451,03-01-04-01-01-01-05.wav
452,03-01-04-02-02-01-05.wav
453,03-01-07-02-02-02-05.wav
454,03-01-08-02-02-02-05.wav
455,03-01-08-01-01-02-05.wav
456,03-01-03-02-02-01-05.wav
457,03-01-03-01-01-01-05.wav
458,03-01-02-02-01-02-05.wav
459,03-01-01-01-02-01-05.wav
460,03-01-02-01-02-02-05.wav
461,03-01-03-02-01-02-05.wav
462,03-01-03-01-02-02-05.wav
463,03-01-02-02-02-01-05.wav
464,03-01-02-01-01-01-05.wav
465,03-01-01-01-01-02-05.wav
466,03-01-06-01-01-02-05.wav
467,03-01-05-01-01-01-05.wav
468,03-01-05-02-02-01-05.wav
469,03-01-06-02-02-02-05.wav
470,03-01-04-01-02-02-05.wav
471,03-01-07-01-02-01-05.wav
472,03-01-07-02-01-01-05.wav
473,03-01-04-02-01-02-05.wav
474,03-01-08-02-01-01-05.wav
475,03-01-08-01-02-01-05.wav
476,03-02-04-02-02-02-05.wav
477,03-02-04-01-01-02-05.wav
478,03-02-06-02-01-02-05.wav
479,03-02-05-02-01-01-05.wav
480,03-02-05-01-02-01-05.wav
481,03-02-06-01-02-02-05.wav
482,03-02-01-01-02-02-05.wav
483,03-02-02-01-02-01-05.wav
484,03-02-02-02-01-01-05.wav
485,03-02-03-01-01-02-05.wav
486,03-02-03-02-02-02-05.wav
487,03-02-02-01-01-02-05.wav
488,03-02-01-01-01-01-05.wav
489,03-02-02-02-02-02-05.wav
490,03-02-03-01-02-01-05.wav
491,03-02-03-02-01-01-05.wav
492,03-02-04-02-01-01-05.wav
493,03-02-04-01-02-01-05.wav
494,03-02-05-02-02-02-05.wav
495,03-02-06-02-02-01-05.wav
496,03-02-06-01-01-01-05.wav
497,03-02-05-01-01-02-05.wav
498,03-02-03-02-02-01-05.wav
499,03-02-03-01-01-01-05.wav
500,03-02-02-02-01-02-05.wav
501,03-02-02-01-02-02-05.wav
502,03-02-01-01-02-01-05.wav
503,03-02-06-01-02-01-05.wav
504,03-02-05-01-02-02-05.wav
505,03-02-05-02-01-02-05.wav
506,03-02-06-02-01-01-05.wav
507,03-02-04-01-01-01-05.wav
508,03-02-04-02-02-01-05.wav
509,03-02-05-01-01-01-05.wav
510,03-02-06-01-01-02-05.wav
511,03-02-06-02-02-02-05.wav
512,03-02-05-02-02-01-05.wav
513,03-02-04-01-02-02-05.wav
514,03-02-04-02-01-02-05.wav
515,03-02-03-02-01-02-05.wav
516,03-02-03-01-02-02-05.wav
517,03-02-02-02-02-01-05.wav
518,03-02-01-01-01-02-05.wav
519,03-02-02-01-01-01-05.wav
520,03-01-01-01-02-02-06.wav
521,03-01-02-01-02-01-06.wav
522,03-01-02-02-01-01-06.wav
523,03-01-03-01-01-02-06.wav
524,03-01-03-02-02-02-06.wav
525,03-01-08-01-01-01-06.wav
526,03-01-08-02-02-01-06.wav
527,03-01-04-02-02-02-06.wav
528,03-01-07-02-02-01-06.wav
529,03-01-07-01-01-01-06.wav
530,03-01-04-01-01-02-06.wav
531,03-01-06-02-01-02-06.wav
532,03-01-05-02-01-01-06.wav
533,03-01-05-01-02-01-06.wav
534,03-01-06-01-02-02-06.wav
535,03-01-08-01-02-02-06.wav
536,03-01-08-02-01-02-06.wav
537,03-01-07-02-01-02-06.wav
538,03-01-04-02-01-01-06.wav
539,03-01-04-01-02-01-06.wav
540,03-01-07-01-02-02-06.wav
541,03-01-05-02-02-02-06.wav
542,03-01-06-02-02-01-06.wav
543,03-01-06-01-01-01-06.wav
544,03-01-05-01-01-02-06.wav
545,03-01-02-01-01-02-06.wav
546,03-01-01-01-01-01-06.wav
547,03-01-02-02-02-02-06.wav
548,03-01-03-01-02-01-06.wav
549,03-01-03-02-01-01-06.wav
550,03-01-08-02-02-02-06.wav
551,03-01-08-01-01-02-06.wav
552,03-01-06-01-02-01-06.wav
553,03-01-05-01-02-02-06.wav
554,03-01-05-02-01-02-06.wav
555,03-01-06-02-01-01-06.wav
556,03-01-04-01-01-01-06.wav
557,03-01-07-01-01-02-06.wav
558,03-01-07-02-02-02-06.wav
559,03-01-04-02-02-01-06.wav
560,03-01-03-02-02-01-06.wav
561,03-01-03-01-01-01-06.wav
562,03-01-02-02-01-02-06.wav
563,03-01-02-01-02-02-06.wav
564,03-01-01-01-02-01-06.wav
565,03-01-03-02-01-02-06.wav
566,03-01-03-01-02-02-06.wav
567,03-01-02-02-02-01-06.wav
568,03-01-01-01-01-02-06.wav
569,03-01-02-01-01-01-06.wav
570,03-01-08-02-01-01-06.wav
571,03-01-08-01-02-01-06.wav
572,03-01-05-01-01-01-06.wav
573,03-01-06-01-01-02-06.wav
574,03-01-06-02-02-02-06.wav
575,03-01-05-02-02-01-06.wav
576,03-01-07-01-02-01-06.wav
577,03-01-04-01-02-02-06.wav
578,03-01-04-02-01-02-06.wav
579,03-01-07-02-01-01-06.wav
580,03-02-04-02-02-02-06.wav
581,03-02-04-01-01-02-06.wav
582,03-02-05-02-01-01-06.wav
583,03-02-06-02-01-02-06.wav
584,03-02-06-01-02-02-06.wav
585,03-02-05-01-02-01-06.wav
586,03-02-02-01-02-01-06.wav
587,03-02-01-01-02-02-06.wav
588,03-02-02-02-01-01-06.wav
589,03-02-03-01-01-02-06.wav
590,03-02-03-02-02-02-06.wav
591,03-02-01-01-01-01-06.wav
592,03-02-02-01-01-02-06.wav
593,03-02-02-02-02-02-06.wav
594,03-02-03-01-02-01-06.wav
595,03-02-03-02-01-01-06.wav
596,03-02-04-02-01-01-06.wav
597,03-02-04-01-02-01-06.wav
598,03-02-06-02-02-01-06.wav
599,03-02-05-02-02-02-06.wav
600,03-02-05-01-01-02-06.wav
601,03-02-06-01-01-01-06.wav
602,03-02-03-02-02-01-06.wav
603,03-02-03-01-01-01-06.wav
604,03-02-02-02-01-02-06.wav
605,03-02-01-01-02-01-06.wav
606,03-02-02-01-02-02-06.wav
607,03-02-05-01-02-02-06.wav
608,03-02-06-01-02-01-06.wav
609,03-02-06-02-01-01-06.wav
610,03-02-05-02-01-02-06.wav
611,03-02-04-01-01-01-06.wav
612,03-02-04-02-02-01-06.wav
613,03-02-06-01-01-02-06.wav
614,03-02-05-01-01-01-06.wav
615,03-02-05-02-02-01-06.wav
616,03-02-06-02-02-02-06.wav
617,03-02-04-01-02-02-06.wav
618,03-02-04-02-01-02-06.wav
619,03-02-03-02-01-02-06.wav
620,03-02-03-01-02-02-06.wav
621,03-02-02-02-02-01-06.wav
622,03-02-02-01-01-01-06.wav
623,03-02-01-01-01-02-06.wav
624,03-01-03-02-02-02-07.wav
625,03-01-03-01-01-02-07.wav
626,03-01-02-02-01-01-07.wav
627,03-01-02-01-02-01-07.wav
628,03-01-01-01-02-02-07.wav
629,03-01-08-02-02-01-07.wav
630,03-01-08-01-01-01-07.wav
631,03-01-06-01-02-02-07.wav
632,03-01-05-01-02-01-07.wav
633,03-01-05-02-01-01-07.wav
634,03-01-06-02-01-02-07.wav
635,03-01-04-01-01-02-07.wav
636,03-01-07-01-01-01-07.wav
637,03-01-07-02-02-01-07.wav
638,03-01-04-02-02-02-07.wav
639,03-01-08-02-01-02-07.wav
640,03-01-08-01-02-02-07.wav
641,03-01-05-01-01-02-07.wav
642,03-01-06-01-01-01-07.wav
643,03-01-06-02-02-01-07.wav
644,03-01-05-02-02-02-07.wav
645,03-01-07-01-02-02-07.wav
646,03-01-04-01-02-01-07.wav
647,03-01-04-02-01-01-07.wav
648,03-01-07-02-01-02-07.wav
649,03-01-03-02-01-01-07.wav
650,03-01-03-01-02-01-07.wav
651,03-01-02-02-02-02-07.wav
652,03-01-01-01-01-01-07.wav
653,03-01-02-01-01-02-07.wav
654,03-01-08-01-01-02-07.wav
655,03-01-08-02-02-02-07.wav
656,03-01-04-02-02-01-07.wav
657,03-01-07-02-02-02-07.wav
658,03-01-07-01-01-02-07.wav
659,03-01-04-01-01-01-07.wav
660,03-01-06-02-01-01-07.wav
661,03-01-05-02-01-02-07.wav
662,03-01-05-01-02-02-07.wav
663,03-01-06-01-02-01-07.wav
664,03-01-01-01-02-01-07.wav
665,03-01-02-01-02-02-07.wav
666,03-01-02-02-01-02-07.wav
667,03-01-03-01-01-01-07.wav
668,03-01-03-02-02-01-07.wav
669,03-01-02-01-01-01-07.wav
670,03-01-01-01-01-02-07.wav
671,03-01-02-02-02-01-07.wav
672,03-01-03-01-02-02-07.wav
673,03-01-03-02-01-02-07.wav
674,03-01-08-01-02-01-07.wav
675,03-01-08-02-01-01-07.wav
676,03-01-07-02-01-01-07.wav
677,03-01-04-02-01-02-07.wav
678,03-01-04-01-02-02-07.wav
679,03-01-07-01-02-01-07.wav
680,03-01-05-02-02-01-07.wav
681,03-01-06-02-02-02-07.wav
682,03-01-06-01-01-02-07.wav
683,03-01-05-01-01-01-07.wav
684,03-02-05-01-02-01-07.wav
685,03-02-06-01-02-02-07.wav
686,03-02-06-02-01-02-07.wav
687,03-02-05-02-01-01-07.wav
688,03-02-04-01-01-02-07.wav
689,03-02-04-02-02-02-07.wav
690,03-02-03-02-02-02-07.wav
691,03-02-03-01-01-02-07.wav
692,03-02-02-02-01-01-07.wav
693,03-02-01-01-02-02-07.wav
694,03-02-02-01-02-01-07.wav
695,03-02-03-02-01-01-07.wav
696,03-02-03-01-02-01-07.wav
697,03-02-02-02-02-02-07.wav
698,03-02-02-01-01-02-07.wav
699,03-02-01-01-01-01-07.wav
700,03-02-06-01-01-01-07.wav
701,03-02-05-01-01-02-07.wav
702,03-02-05-02-02-02-07.wav
703,03-02-06-02-02-01-07.wav
704,03-02-04-01-02-01-07.wav
705,03-02-04-02-01-01-07.wav
706,03-02-02-01-02-02-07.wav
707,03-02-01-01-02-01-07.wav
708,03-02-02-02-01-02-07.wav
709,03-02-03-01-01-01-07.wav
710,03-02-03-02-02-01-07.wav
711,03-02-04-02-02-01-07.wav
712,03-02-04-01-01-01-07.wav
713,03-02-05-02-01-02-07.wav
714,03-02-06-02-01-01-07.wav
715,03-02-06-01-02-01-07.wav
716,03-02-05-01-02-02-07.wav
717,03-02-04-02-01-02-07.wav
718,03-02-04-01-02-02-07.wav
719,03-02-06-02-02-02-07.wav
720,03-02-05-02-02-01-07.wav
721,03-02-05-01-01-01-07.wav
722,03-02-06-01-01-02-07.wav
723,03-02-01-01-01-02-07.wav
724,03-02-02-01-01-01-07.wav
725,03-02-02-02-02-01-07.wav
726,03-02-03-01-02-02-07.wav
727,03-02-03-02-01-02-07.wav
728,03-01-08-01-02-01-08.wav
729,03-01-08-02-01-01-08.wav
730,03-01-07-02-01-01-08.wav
731,03-01-04-02-01-02-08.wav
732,03-01-04-01-02-02-08.wav
733,03-01-07-01-02-01-08.wav
734,03-01-05-02-02-01-08.wav
735,03-01-06-02-02-02-08.wav
736,03-01-06-01-01-02-08.wav
737,03-01-05-01-01-01-08.wav
738,03-01-02-01-01-01-08.wav
739,03-01-01-01-01-02-08.wav
740,03-01-02-02-02-01-08.wav
741,03-01-03-01-02-02-08.wav
742,03-01-03-02-01-02-08.wav
743,03-01-01-01-02-01-08.wav
744,03-01-02-01-02-02-08.wav
745,03-01-02-02-01-02-08.wav
746,03-01-03-01-01-01-08.wav
747,03-01-03-02-02-01-08.wav
748,03-01-08-01-01-02-08.wav
749,03-01-08-02-02-02-08.wav
750,03-01-04-02-02-01-08.wav
751,03-01-07-02-02-02-08.wav
752,03-01-07-01-01-02-08.wav
753,03-01-04-01-01-01-08.wav
754,03-01-06-02-01-01-08.wav
755,03-01-05-02-01-02-08.wav
756,03-01-05-01-02-02-08.wav
757,03-01-06-01-02-01-08.wav
758,03-01-03-02-01-01-08.wav
759,03-01-03-01-02-01-08.wav
760,03-01-02-02-02-02-08.wav
761,03-01-01-01-01-01-08.wav
762,03-01-02-01-01-02-08.wav
763,03-01-08-02-01-02-08.wav
764,03-01-08-01-02-02-08.wav
765,03-01-05-01-01-02-08.wav
766,03-01-06-01-01-01-08.wav
767,03-01-06-02-02-01-08.wav
768,03-01-05-02-02-02-08.wav
769,03-01-07-01-02-02-08.wav
770,03-01-04-01-02-01-08.wav
771,03-01-04-02-01-01-08.wav
772,03-01-07-02-01-02-08.wav
773,03-01-08-02-02-01-08.wav
774,03-01-08-01-01-01-08.wav
775,03-01-06-01-02-02-08.wav
776,03-01-05-01-02-01-08.wav
777,03-01-05-02-01-01-08.wav
778,03-01-06-02-01-02-08.wav
779,03-01-04-01-01-02-08.wav
780,03-01-07-01-01-01-08.wav
781,03-01-07-02-02-01-08.wav
782,03-01-04-02-02-02-08.wav
783,03-01-03-02-02-02-08.wav
784,03-01-03-01-01-02-08.wav
785,03-01-02-02-01-01-08.wav
786,03-01-02-01-02-01-08.wav
787,03-01-01-01-02-02-08.wav
788,03-02-01-01-01-02-08.wav
789,03-02-02-01-01-01-08.wav
790,03-02-02-02-02-01-08.wav
791,03-02-03-01-02-02-08.wav
792,03-02-03-02-01-02-08.wav
793,03-02-04-02-01-02-08.wav
794,03-02-04-01-02-02-08.wav
795,03-02-06-02-02-02-08.wav
796,03-02-05-02-02-01-08.wav
797,03-02-05-01-01-01-08.wav
798,03-02-06-01-01-02-08.wav
799,03-02-04-02-02-01-08.wav
800,03-02-04-01-01-01-08.wav
801,03-02-05-02-01-02-08.wav
802,03-02-06-02-01-01-08.wav
803,03-02-06-01-02-01-08.wav
804,03-02-05-01-02-02-08.wav
805,03-02-02-01-02-02-08.wav
806,03-02-01-01-02-01-08.wav
807,03-02-02-02-01-02-08.wav
808,03-02-03-01-01-01-08.wav
809,03-02-03-02-02-01-08.wav
810,03-02-06-01-01-01-08.wav
811,03-02-05-01-01-02-08.wav
812,03-02-05-02-02-02-08.wav
813,03-02-06-02-02-01-08.wav
814,03-02-04-01-02-01-08.wav
815,03-02-04-02-01-01-08.wav
816,03-02-03-02-01-01-08.wav
817,03-02-03-01-02-01-08.wav
818,03-02-02-02-02-02-08.wav
819,03-02-02-01-01-02-08.wav
820,03-02-01-01-01-01-08.wav
821,03-02-03-02-02-02-08.wav
822,03-02-03-01-01-02-08.wav
823,03-02-02-02-01-01-08.wav
824,03-02-01-01-02-02-08.wav
825,03-02-02-01-02-01-08.wav
826,03-02-05-01-02-01-08.wav
827,03-02-06-01-02-02-08.wav
828,03-02-06-02-01-02-08.wav
829,03-02-05-02-01-01-08.wav
830,03-02-04-01-01-02-08.wav
831,03-02-04-02-02-02-08.wav
832,03-01-08-02-01-01-09.wav
833,03-01-08-01-02-01-09.wav
834,03-01-05-01-01-01-09.wav
835,03-01-06-01-01-02-09.wav
836,03-01-06-02-02-02-09.wav
837,03-01-05-02-02-01-09.wav
838,03-01-07-01-02-01-09.wav
839,03-01-04-01-02-02-09.wav
840,03-01-04-02-01-02-09.wav
841,03-01-07-02-01-01-09.wav
842,03-01-03-02-01-02-09.wav
843,03-01-03-01-02-02-09.wav
844,03-01-02-02-02-01-09.wav
845,03-01-01-01-01-02-09.wav
846,03-01-02-01-01-01-09.wav
847,03-01-03-02-02-01-09.wav
848,03-01-03-01-01-01-09.wav
849,03-01-02-02-01-02-09.wav
850,03-01-02-01-02-02-09.wav
851,03-01-01-01-02-01-09.wav
852,03-01-08-02-02-02-09.wav
853,03-01-08-01-01-02-09.wav
854,03-01-06-01-02-01-09.wav
855,03-01-05-01-02-02-09.wav
856,03-01-05-02-01-02-09.wav
857,03-01-06-02-01-01-09.wav
858,03-01-04-01-01-01-09.wav
859,03-01-07-01-01-02-09.wav
860,03-01-07-02-02-02-09.wav
861,03-01-04-02-02-01-09.wav
862,03-01-02-01-01-02-09.wav
863,03-01-01-01-01-01-09.wav
864,03-01-02-02-02-02-09.wav
865,03-01-03-01-02-01-09.wav
866,03-01-03-02-01-01-09.wav
867,03-01-08-01-02-02-09.wav
868,03-01-08-02-01-02-09.wav
869,03-01-07-02-01-02-09.wav
870,03-01-04-02-01-01-09.wav
871,03-01-04-01-02-01-09.wav
872,03-01-07-01-02-02-09.wav
873,03-01-05-02-02-02-09.wav
874,03-01-06-02-02-01-09.wav
875,03-01-06-01-01-01-09.wav
876,03-01-05-01-01-02-09.wav
877,03-01-08-01-01-01-09.wav
878,03-01-08-02-02-01-09.wav
879,03-01-04-02-02-02-09.wav
880,03-01-07-02-02-01-09.wav
881,03-01-07-01-01-01-09.wav
882,03-01-04-01-01-02-09.wav
883,03-01-06-02-01-02-09.wav
884,03-01-05-02-01-01-09.wav
885,03-01-05-01-02-01-09.wav
886,03-01-06-01-02-02-09.wav
887,03-01-01-01-02-02-09.wav
888,03-01-02-01-02-01-09.wav
889,03-01-02-02-01-01-09.wav
890,03-01-03-01-01-02-09.wav
891,03-01-03-02-02-02-09.wav
892,03-02-03-02-01-02-09.wav
893,03-02-03-01-02-02-09.wav
894,03-02-02-02-02-01-09.wav
895,03-02-02-01-01-01-09.wav
896,03-02-01-01-01-02-09.wav
897,03-02-06-01-01-02-09.wav
898,03-02-05-01-01-01-09.wav
899,03-02-05-02-02-01-09.wav
900,03-02-06-02-02-02-09.wav
901,03-02-04-01-02-02-09.wav
902,03-02-04-02-01-02-09.wav
903,03-02-05-01-02-02-09.wav
904,03-02-06-01-02-01-09.wav
905,03-02-06-02-01-01-09.wav
906,03-02-05-02-01-02-09.wav
907,03-02-04-01-01-01-09.wav
908,03-02-04-02-02-01-09.wav
909,03-02-03-02-02-01-09.wav
910,03-02-03-01-01-01-09.wav
911,03-02-02-02-01-02-09.wav
912,03-02-01-01-02-01-09.wav
913,03-02-02-01-02-02-09.wav
914,03-02-04-02-01-01-09.wav
915,03-02-04-01-02-01-09.wav
916,03-02-06-02-02-01-09.wav
917,03-02-05-02-02-02-09.wav
918,03-02-05-01-01-02-09.wav
919,03-02-06-01-01-01-09.wav
920,03-02-01-01-01-01-09.wav
921,03-02-02-01-01-02-09.wav
922,03-02-02-02-02-02-09.wav
923,03-02-03-01-02-01-09.wav
924,03-02-03-02-01-01-09.wav
925,03-02-02-01-02-01-09.wav
926,03-02-01-01-02-02-09.wav
927,03-02-02-02-01-01-09.wav
928,03-02-03-01-01-02-09.wav
929,03-02-03-02-02-02-09.wav
930,03-02-04-02-02-02-09.wav
931,03-02-04-01-01-02-09.wav
932,03-02-05-02-01-01-09.wav
933,03-02-06-02-01-02-09.wav
934,03-02-06-01-02-02-09.wav
935,03-02-05-01-02-01-09.wav
936,03-01-03-02-02-02-10.wav
937,03-01-03-01-01-02-10.wav
938,03-01-02-02-01-01-10.wav
939,03-01-02-01-02-01-10.wav
940,03-01-01-01-02-02-10.wav
941,03-01-06-01-02-02-10.wav
942,03-01-05-01-02-01-10.wav
943,03-01-05-02-01-01-10.wav
944,03-01-06-02-01-02-10.wav
945,03-01-04-01-01-02-10.wav
946,03-01-07-01-01-01-10.wav
947,03-01-07-02-02-01-10.wav
948,03-01-04-02-02-02-10.wav
949,03-01-08-02-02-01-10.wav
950,03-01-08-01-01-01-10.wav
951,03-01-05-01-01-02-10.wav
952,03-01-06-01-01-01-10.wav
953,03-01-06-02-02-01-10.wav
954,03-01-05-02-02-02-10.wav
955,03-01-07-01-02-02-10.wav
956,03-01-04-01-02-01-10.wav
957,03-01-04-02-01-01-10.wav
958,03-01-07-02-01-02-10.wav
959,03-01-08-02-01-02-10.wav
960,03-01-08-01-02-02-10.wav
961,03-01-03-02-01-01-10.wav
962,03-01-03-01-02-01-10.wav
963,03-01-02-02-02-02-10.wav
964,03-01-01-01-01-01-10.wav
965,03-01-02-01-01-02-10.wav
966,03-01-04-02-02-01-10.wav
967,03-01-07-02-02-02-10.wav
968,03-01-07-01-01-02-10.wav
969,03-01-04-01-01-01-10.wav
970,03-01-06-02-01-01-10.wav
971,03-01-05-02-01-02-10.wav
972,03-01-05-01-02-02-10.wav
973,03-01-06-01-02-01-10.wav
974,03-01-08-01-01-02-10.wav
975,03-01-08-02-02-02-10.wav
976,03-01-01-01-02-01-10.wav
977,03-01-02-01-02-02-10.wav
978,03-01-02-02-01-02-10.wav
979,03-01-03-01-01-01-10.wav
980,03-01-03-02-02-01-10.wav
981,03-01-02-01-01-01-10.wav
982,03-01-01-01-01-02-10.wav
983,03-01-02-02-02-01-10.wav
984,03-01-03-01-02-02-10.wav
985,03-01-03-02-01-02-10.wav
986,03-01-07-02-01-01-10.wav
987,03-01-04-02-01-02-10.wav
988,03-01-04-01-02-02-10.wav
989,03-01-07-01-02-01-10.wav
990,03-01-05-02-02-01-10.wav
991,03-01-06-02-02-02-10.wav
992,03-01-06-01-01-02-10.wav
993,03-01-05-01-01-01-10.wav
994,03-01-08-01-02-01-10.wav
995,03-01-08-02-01-01-10.wav
996,03-02-05-01-02-01-10.wav
997,03-02-06-01-02-02-10.wav
998,03-02-06-02-01-02-10.wav
999,03-02-05-02-01-01-10.wav
1000,03-02-04-01-01-02-10.wav
1001,03-02-04-02-02-02-10.wav
1002,03-02-03-02-02-02-10.wav
1003,03-02-03-01-01-02-10.wav
1004,03-02-02-02-01-01-10.wav
1005,03-02-01-01-02-02-10.wav
1006,03-02-02-01-02-01-10.wav
1007,03-02-03-02-01-01-10.wav
1008,03-02-03-01-02-01-10.wav
1009,03-02-02-02-02-02-10.wav
1010,03-02-02-01-01-02-10.wav
1011,03-02-01-01-01-01-10.wav
1012,03-02-06-01-01-01-10.wav
1013,03-02-05-01-01-02-10.wav
1014,03-02-05-02-02-02-10.wav
1015,03-02-06-02-02-01-10.wav
1016,03-02-04-01-02-01-10.wav
1017,03-02-04-02-01-01-10.wav
1018,03-02-02-01-02-02-10.wav
1019,03-02-01-01-02-01-10.wav
1020,03-02-02-02-01-02-10.wav
1021,03-02-03-01-01-01-10.wav
1022,03-02-03-02-02-01-10.wav
1023,03-02-04-02-02-01-10.wav
1024,03-02-04-01-01-01-10.wav
1025,03-02-05-02-01-02-10.wav
1026,03-02-06-02-01-01-10.wav
1027,03-02-06-01-02-01-10.wav
1028,03-02-05-01-02-02-10.wav
1029,03-02-04-02-01-02-10.wav
1030,03-02-04-01-02-02-10.wav
1031,03-02-06-02-02-02-10.wav
1032,03-02-05-02-02-01-10.wav
1033,03-02-05-01-01-01-10.wav
1034,03-02-06-01-01-02-10.wav
1035,03-02-01-01-01-02-10.wav
1036,03-02-02-01-01-01-10.wav
1037,03-02-02-02-02-01-10.wav
1038,03-02-03-01-02-02-10.wav
1039,03-02-03-02-01-02-10.wav
1040,03-01-01-01-02-02-11.wav
1041,03-01-02-01-02-01-11.wav
1042,03-01-02-02-01-01-11.wav
1043,03-01-03-01-01-02-11.wav
1044,03-01-03-02-02-02-11.wav
1045,03-01-04-02-02-02-11.wav
1046,03-01-07-02-02-01-11.wav
1047,03-01-07-01-01-01-11.wav
1048,03-01-04-01-01-02-11.wav
1049,03-01-06-02-01-02-11.wav
1050,03-01-05-02-01-01-11.wav
1051,03-01-05-01-02-01-11.wav
1052,03-01-06-01-02-02-11.wav
1053,03-01-08-01-01-01-11.wav
1054,03-01-08-02-02-01-11.wav
1055,03-01-07-02-01-02-11.wav
1056,03-01-04-02-01-01-11.wav
1057,03-01-04-01-02-01-11.wav
1058,03-01-07-01-02-02-11.wav
1059,03-01-05-02-02-02-11.wav
1060,03-01-06-02-02-01-11.wav
1061,03-01-06-01-01-01-11.wav
1062,03-01-05-01-01-02-11.wav
1063,03-01-08-01-02-02-11.wav
1064,03-01-08-02-01-02-11.wav
1065,03-01-02-01-01-02-11.wav
1066,03-01-01-01-01-01-11.wav
1067,03-01-02-02-02-02-11.wav
1068,03-01-03-01-02-01-11.wav
1069,03-01-03-02-01-01-11.wav
1070,03-01-06-01-02-01-11.wav
1071,03-01-05-01-02-02-11.wav
1072,03-01-05-02-01-02-11.wav
1073,03-01-06-02-01-01-11.wav
1074,03-01-04-01-01-01-11.wav
1075,03-01-07-01-01-02-11.wav
1076,03-01-07-02-02-02-11.wav
1077,03-01-04-02-02-01-11.wav
1078,03-01-08-02-02-02-11.wav
1079,03-01-08-01-01-02-11.wav
1080,03-01-03-02-02-01-11.wav
1081,03-01-03-01-01-01-11.wav
1082,03-01-02-02-01-02-11.wav
1083,03-01-02-01-02-02-11.wav
1084,03-01-01-01-02-01-11.wav
1085,03-01-03-02-01-02-11.wav
1086,03-01-03-01-02-02-11.wav
1087,03-01-02-02-02-01-11.wav
1088,03-01-01-01-01-02-11.wav
1089,03-01-02-01-01-01-11.wav
1090,03-01-05-01-01-01-11.wav
1091,03-01-06-01-01-02-11.wav
1092,03-01-06-02-02-02-11.wav
1093,03-01-05-02-02-01-11.wav
1094,03-01-07-01-02-01-11.wav
1095,03-01-04-01-02-02-11.wav
1096,03-01-04-02-01-02-11.wav
1097,03-01-07-02-01-01-11.wav
1098,03-01-08-02-01-01-11.wav
1099,03-01-08-01-02-01-11.wav
1100,03-02-04-02-02-02-11.wav
1101,03-02-04-01-01-02-11.wav
1102,03-02-05-02-01-01-11.wav
1103,03-02-06-02-01-02-11.wav
1104,03-02-06-01-02-02-11.wav
1105,03-02-05-01-02-01-11.wav
1106,03-02-02-01-02-01-11.wav
1107,03-02-01-01-02-02-11.wav
1108,03-02-02-02-01-01-11.wav
1109,03-02-03-01-01-02-11.wav
1110,03-02-03-02-02-02-11.wav
1111,03-02-01-01-01-01-11.wav
1112,03-02-02-01-01-02-11.wav
1113,03-02-02-02-02-02-11.wav
1114,03-02-03-01-02-01-11.wav
1115,03-02-03-02-01-01-11.wav
1116,03-02-04-02-01-01-11.wav
1117,03-02-04-01-02-01-11.wav
1118,03-02-06-02-02-01-11.wav
1119,03-02-05-02-02-02-11.wav
1120,03-02-05-01-01-02-11.wav
1121,03-02-06-01-01-01-11.wav
1122,03-02-03-02-02-01-11.wav
1123,03-02-03-01-01-01-11.wav
1124,03-02-02-02-01-02-11.wav
1125,03-02-01-01-02-01-11.wav
1126,03-02-02-01-02-02-11.wav
1127,03-02-05-01-02-02-11.wav
1128,03-02-06-01-02-01-11.wav
1129,03-02-06-02-01-01-11.wav
1130,03-02-05-02-01-02-11.wav
1131,03-02-04-01-01-01-11.wav
1132,03-02-04-02-02-01-11.wav
1133,03-02-06-01-01-02-11.wav
1134,03-02-05-01-01-01-11.wav
1135,03-02-05-02-02-01-11.wav
1136,03-02-06-02-02-02-11.wav
1137,03-02-04-01-02-02-11.wav
1138,03-02-04-02-01-02-11.wav
1139,03-02-03-02-01-02-11.wav
1140,03-02-03-01-02-02-11.wav
1141,03-02-02-02-02-01-11.wav
1142,03-02-02-01-01-01-11.wav
1143,03-02-01-01-01-02-11.wav
1144,03-01-02-01-02-01-12.wav
1145,03-01-01-01-02-02-12.wav
1146,03-01-02-02-01-01-12.wav
1147,03-01-03-01-01-02-12.wav
1148,03-01-03-02-02-02-12.wav
1149,03-01-08-01-01-01-12.wav
1150,03-01-08-02-02-01-12.wav
1151,03-01-07-02-02-01-12.wav
1152,03-01-04-02-02-02-12.wav
1153,03-01-04-01-01-02-12.wav
1154,03-01-07-01-01-01-12.wav
1155,03-01-05-02-01-01-12.wav
1156,03-01-06-02-01-02-12.wav
1157,03-01-06-01-02-02-12.wav
1158,03-01-05-01-02-01-12.wav
1159,03-01-08-01-02-02-12.wav
1160,03-01-08-02-01-02-12.wav
1161,03-01-04-02-01-01-12.wav
1162,03-01-07-02-01-02-12.wav
1163,03-01-07-01-02-02-12.wav
1164,03-01-04-01-02-01-12.wav
1165,03-01-06-02-02-01-12.wav
1166,03-01-05-02-02-02-12.wav
1167,03-01-05-01-01-02-12.wav
1168,03-01-06-01-01-01-12.wav
1169,03-01-01-01-01-01-12.wav
1170,03-01-02-01-01-02-12.wav
1171,03-01-02-02-02-02-12.wav
1172,03-01-03-01-02-01-12.wav
1173,03-01-03-02-01-01-12.wav
1174,03-01-08-02-02-02-12.wav
1175,03-01-08-01-01-02-12.wav
1176,03-01-05-01-02-02-12.wav
1177,03-01-06-01-02-01-12.wav
1178,03-01-06-02-01-01-12.wav
1179,03-01-05-02-01-02-12.wav
1180,03-01-07-01-01-02-12.wav
1181,03-01-04-01-01-01-12.wav
1182,03-01-04-02-02-01-12.wav
1183,03-01-07-02-02-02-12.wav
1184,03-01-03-02-02-01-12.wav
1185,03-01-03-01-01-01-12.wav
1186,03-01-02-02-01-02-12.wav
1187,03-01-01-01-02-01-12.wav
1188,03-01-02-01-02-02-12.wav
1189,03-01-03-02-01-02-12.wav
1190,03-01-03-01-02-02-12.wav
1191,03-01-02-02-02-01-12.wav
1192,03-01-02-01-01-01-12.wav
1193,03-01-01-01-01-02-12.wav
1194,03-01-08-02-01-01-12.wav
1195,03-01-08-01-02-01-12.wav
1196,03-01-06-01-01-02-12.wav
1197,03-01-05-01-01-01-12.wav
1198,03-01-05-02-02-01-12.wav
1199,03-01-06-02-02-02-12.wav
1200,03-01-04-01-02-02-12.wav
1201,03-01-07-01-02-01-12.wav
1202,03-01-07-02-01-01-12.wav
1203,03-01-04-02-01-02-12.wav
1204,03-02-04-02-02-02-12.wav
1205,03-02-04-01-01-02-12.wav
1206,03-02-06-02-01-02-12.wav
1207,03-02-05-02-01-01-12.wav
1208,03-02-05-01-02-01-12.wav
1209,03-02-06-01-02-02-12.wav
1210,03-02-01-01-02-02-12.wav
1211,03-02-02-01-02-01-12.wav
1212,03-02-02-02-01-01-12.wav
1213,03-02-03-01-01-02-12.wav
1214,03-02-03-02-02-02-12.wav
1215,03-02-02-01-01-02-12.wav
1216,03-02-01-01-01-01-12.wav
1217,03-02-02-02-02-02-12.wav
1218,03-02-03-01-02-01-12.wav
1219,03-02-03-02-01-01-12.wav
1220,03-02-04-02-01-01-12.wav
1221,03-02-04-01-02-01-12.wav
1222,03-02-05-02-02-02-12.wav
1223,03-02-06-02-02-01-12.wav
1224,03-02-06-01-01-01-12.wav
1225,03-02-05-01-01-02-12.wav
1226,03-02-03-02-02-01-12.wav
1227,03-02-03-01-01-01-12.wav
1228,03-02-02-02-01-02-12.wav
1229,03-02-02-01-02-02-12.wav
1230,03-02-01-01-02-01-12.wav
1231,03-02-06-01-02-01-12.wav
1232,03-02-05-01-02-02-12.wav
1233,03-02-05-02-01-02-12.wav
1234,03-02-06-02-01-01-12.wav
1235,03-02-04-01-01-01-12.wav
1236,03-02-04-02-02-01-12.wav
1237,03-02-05-01-01-01-12.wav
1238,03-02-06-01-01-02-12.wav
1239,03-02-06-02-02-02-12.wav
1240,03-02-05-02-02-01-12.wav
1241,03-02-04-01-02-02-12.wav
1242,03-02-04-02-01-02-12.wav
1243,03-02-03-02-01-02-12.wav
1244,03-02-03-01-02-02-12.wav
1245,03-02-02-02-02-01-12.wav
1246,03-02-01-01-01-02-12.wav
1247,03-02-02-01-01-01-12.wav
1248,03-01-03-02-02-02-13.wav
1249,03-01-03-01-01-02-13.wav
1250,03-01-02-02-01-01-13.wav
1251,03-01-01-01-02-02-13.wav
1252,03-01-02-01-02-01-13.wav
1253,03-01-08-02-02-01-13.wav
1254,03-01-08-01-01-01-13.wav
1255,03-01-05-01-02-01-13.wav
1256,03-01-06-01-02-02-13.wav
1257,03-01-06-02-01-02-13.wav
1258,03-01-05-02-01-01-13.wav
1259,03-01-07-01-01-01-13.wav
1260,03-01-04-01-01-02-13.wav
1261,03-01-04-02-02-02-13.wav
1262,03-01-07-02-02-01-13.wav
1263,03-01-08-02-01-02-13.wav
1264,03-01-08-01-02-02-13.wav
1265,03-01-06-01-01-01-13.wav
1266,03-01-05-01-01-02-13.wav
1267,03-01-05-02-02-02-13.wav
1268,03-01-06-02-02-01-13.wav
1269,03-01-04-01-02-01-13.wav
1270,03-01-07-01-02-02-13.wav
1271,03-01-07-02-01-02-13.wav
1272,03-01-04-02-01-01-13.wav
1273,03-01-03-02-01-01-13.wav
1274,03-01-03-01-02-01-13.wav
1275,03-01-02-02-02-02-13.wav
1276,03-01-02-01-01-02-13.wav
1277,03-01-01-01-01-01-13.wav
1278,03-01-08-01-01-02-13.wav
1279,03-01-08-02-02-02-13.wav
1280,03-01-07-02-02-02-13.wav
1281,03-01-04-02-02-01-13.wav
1282,03-01-04-01-01-01-13.wav
1283,03-01-07-01-01-02-13.wav
1284,03-01-05-02-01-02-13.wav
1285,03-01-06-02-01-01-13.wav
1286,03-01-06-01-02-01-13.wav
1287,03-01-05-01-02-02-13.wav
1288,03-01-02-01-02-02-13.wav
1289,03-01-01-01-02-01-13.wav
1290,03-01-02-02-01-02-13.wav
1291,03-01-03-01-01-01-13.wav
1292,03-01-03-02-02-01-13.wav
1293,03-01-01-01-01-02-13.wav
1294,03-01-02-01-01-01-13.wav
1295,03-01-02-02-02-01-13.wav
1296,03-01-03-01-02-02-13.wav
1297,03-01-03-02-01-02-13.wav
1298,03-01-08-01-02-01-13.wav
1299,03-01-08-02-01-01-13.wav
1300,03-01-04-02-01-02-13.wav
1301,03-01-07-02-01-01-13.wav
1302,03-01-07-01-02-01-13.wav
1303,03-01-04-01-02-02-13.wav
1304,03-01-06-02-02-02-13.wav
1305,03-01-05-02-02-01-13.wav
1306,03-01-05-01-01-01-13.wav
1307,03-01-06-01-01-02-13.wav
1308,03-02-06-01-02-02-13.wav
1309,03-02-05-01-02-01-13.wav
1310,03-02-05-02-01-01-13.wav
1311,03-02-06-02-01-02-13.wav
1312,03-02-04-01-01-02-13.wav
1313,03-02-04-02-02-02-13.wav
1314,03-02-03-02-02-02-13.wav
1315,03-02-03-01-01-02-13.wav
1316,03-02-02-02-01-01-13.wav
1317,03-02-02-01-02-01-13.wav
1318,03-02-01-01-02-02-13.wav
1319,03-02-03-02-01-01-13.wav
1320,03-02-03-01-02-01-13.wav
1321,03-02-02-02-02-02-13.wav
1322,03-02-01-01-01-01-13.wav
1323,03-02-02-01-01-02-13.wav
1324,03-02-05-01-01-02-13.wav
1325,03-02-06-01-01-01-13.wav
1326,03-02-06-02-02-01-13.wav
1327,03-02-05-02-02-02-13.wav
1328,03-02-04-01-02-01-13.wav
1329,03-02-04-02-01-01-13.wav
1330,03-02-01-01-02-01-13.wav
1331,03-02-02-01-02-02-13.wav
1332,03-02-02-02-01-02-13.wav
1333,03-02-03-01-01-01-13.wav
1334,03-02-03-02-02-01-13.wav
1335,03-02-04-02-02-01-13.wav
1336,03-02-04-01-01-01-13.wav
1337,03-02-06-02-01-01-13.wav
1338,03-02-05-02-01-02-13.wav
1339,03-02-05-01-02-02-13.wav
1340,03-02-06-01-02-01-13.wav
1341,03-02-04-02-01-02-13.wav
1342,03-02-04-01-02-02-13.wav
1343,03-02-05-02-02-01-13.wav
1344,03-02-06-02-02-02-13.wav
1345,03-02-06-01-01-02-13.wav
1346,03-02-05-01-01-01-13.wav
1347,03-02-02-01-01-01-13.wav
1348,03-02-01-01-01-02-13.wav
1349,03-02-02-02-02-01-13.wav
1350,03-02-03-01-02-02-13.wav
1351,03-02-03-02-01-02-13.wav
1352,03-01-08-01-01-01-14.wav
1353,03-01-08-02-02-01-14.wav
1354,03-01-04-02-02-02-14.wav
1355,03-01-07-02-02-01-14.wav
1356,03-01-07-01-01-01-14.wav
1357,03-01-04-01-01-02-14.wav
1358,03-01-06-02-01-02-14.wav
1359,03-01-05-02-01-01-14.wav
1360,03-01-05-01-02-01-14.wav
1361,03-01-06-01-02-02-14.wav
1362,03-01-01-01-02-02-14.wav
1363,03-01-02-01-02-01-14.wav
1364,03-01-02-02-01-01-14.wav
1365,03-01-03-01-01-02-14.wav
1366,03-01-03-02-02-02-14.wav
1367,03-01-02-01-01-02-14.wav
1368,03-01-01-01-01-01-14.wav
1369,03-01-02-02-02-02-14.wav
1370,03-01-03-01-02-01-14.wav
1371,03-01-03-02-01-01-14.wav
1372,03-01-08-01-02-02-14.wav
1373,03-01-08-02-01-02-14.wav
1374,03-01-07-02-01-02-14.wav
1375,03-01-04-02-01-01-14.wav
1376,03-01-04-01-02-01-14.wav
1377,03-01-07-01-02-02-14.wav
1378,03-01-05-02-02-02-14.wav
1379,03-01-06-02-02-01-14.wav
1380,03-01-06-01-01-01-14.wav
1381,03-01-05-01-01-02-14.wav
1382,03-01-03-02-02-01-14.wav
1383,03-01-03-01-01-01-14.wav
1384,03-01-02-02-01-02-14.wav
1385,03-01-02-01-02-02-14.wav
1386,03-01-01-01-02-01-14.wav
1387,03-01-08-02-02-02-14.wav
1388,03-01-08-01-01-02-14.wav
1389,03-01-06-01-02-01-14.wav
1390,03-01-05-01-02-02-14.wav
1391,03-01-05-02-01-02-14.wav
1392,03-01-06-02-01-01-14.wav
1393,03-01-04-01-01-01-14.wav
1394,03-01-07-01-01-02-14.wav
1395,03-01-07-02-02-02-14.wav
1396,03-01-04-02-02-01-14.wav
1397,03-01-08-02-01-01-14.wav
1398,03-01-08-01-02-01-14.wav
1399,03-01-05-01-01-01-14.wav
1400,03-01-06-01-01-02-14.wav
1401,03-01-06-02-02-02-14.wav
1402,03-01-05-02-02-01-14.wav
1403,03-01-07-01-02-01-14.wav
1404,03-01-04-01-02-02-14.wav
1405,03-01-04-02-01-02-14.wav
1406,03-01-07-02-01-01-14.wav
1407,03-01-03-02-01-02-14.wav
1408,03-01-03-01-02-02-14.wav
1409,03-01-02-02-02-01-14.wav
1410,03-01-01-01-01-02-14.wav
1411,03-01-02-01-01-01-14.wav
1412,03-02-02-01-02-01-14.wav
1413,03-02-01-01-02-02-14.wav
1414,03-02-02-02-01-01-14.wav
1415,03-02-03-01-01-02-14.wav
1416,03-02-03-02-02-02-14.wav
1417,03-02-04-02-02-02-14.wav
1418,03-02-04-01-01-02-14.wav
1419,03-02-05-02-01-01-14.wav
1420,03-02-06-02-01-02-14.wav
1421,03-02-06-01-02-02-14.wav
1422,03-02-05-01-02-01-14.wav
1423,03-02-04-02-01-01-14.wav
1424,03-02-04-01-02-01-14.wav
1425,03-02-06-02-02-01-14.wav
1426,03-02-05-02-02-02-14.wav
1427,03-02-05-01-01-02-14.wav
1428,03-02-06-01-01-01-14.wav
1429,03-02-01-01-01-01-14.wav
1430,03-02-02-01-01-02-14.wav
1431,03-02-02-02-02-02-14.wav
1432,03-02-03-01-02-01-14.wav
1433,03-02-03-02-01-01-14.wav
1434,03-02-05-01-02-02-14.wav
1435,03-02-06-01-02-01-14.wav
1436,03-02-06-02-01-01-14.wav
1437,03-02-05-02-01-02-14.wav
1438,03-02-04-01-01-01-14.wav
1439,03-02-04-02-02-01-14.wav
1440,03-02-03-02-02-01-14.wav
1441,03-02-03-01-01-01-14.wav
1442,03-02-02-02-01-02-14.wav
1443,03-02-01-01-02-01-14.wav
1444,03-02-02-01-02-02-14.wav
1445,03-02-03-02-01-02-14.wav
1446,03-02-03-01-02-02-14.wav
1447,03-02-02-02-02-01-14.wav
1448,03-02-02-01-01-01-14.wav
1449,03-02-01-01-01-02-14.wav
1450,03-02-06-01-01-02-14.wav
1451,03-02-05-01-01-01-14.wav
1452,03-02-05-02-02-01-14.wav
1453,03-02-06-02-02-02-14.wav
1454,03-02-04-01-02-02-14.wav
1455,03-02-04-02-01-02-14.wav
1456,03-01-08-02-02-01-15.wav
1457,03-01-08-01-01-01-15.wav
1458,03-01-06-01-02-02-15.wav
1459,03-01-05-01-02-01-15.wav
1460,03-01-05-02-01-01-15.wav
1461,03-01-06-02-01-02-15.wav
1462,03-01-04-01-01-02-15.wav
1463,03-01-07-01-01-01-15.wav
1464,03-01-07-02-02-01-15.wav
1465,03-01-04-02-02-02-15.wav
1466,03-01-03-02-02-02-15.wav
1467,03-01-03-01-01-02-15.wav
1468,03-01-02-02-01-01-15.wav
1469,03-01-02-01-02-01-15.wav
1470,03-01-01-01-02-02-15.wav
1471,03-01-03-02-01-01-15.wav
1472,03-01-03-01-02-01-15.wav
1473,03-01-02-02-02-02-15.wav
1474,03-01-01-01-01-01-15.wav
1475,03-01-02-01-01-02-15.wav
1476,03-01-08-02-01-02-15.wav
1477,03-01-08-01-02-02-15.wav
1478,03-01-05-01-01-02-15.wav
1479,03-01-06-01-01-01-15.wav
1480,03-01-06-02-02-01-15.wav
1481,03-01-05-02-02-02-15.wav
1482,03-01-07-01-02-02-15.wav
1483,03-01-04-01-02-01-15.wav
1484,03-01-04-02-01-01-15.wav
1485,03-01-07-02-01-02-15.wav
1486,03-01-01-01-02-01-15.wav
1487,03-01-02-01-02-02-15.wav
1488,03-01-02-02-01-02-15.wav
1489,03-01-03-01-01-01-15.wav
1490,03-01-03-02-02-01-15.wav
1491,03-01-08-01-01-02-15.wav
1492,03-01-08-02-02-02-15.wav
1493,03-01-04-02-02-01-15.wav
1494,03-01-07-02-02-02-15.wav
1495,03-01-07-01-01-02-15.wav
1496,03-01-04-01-01-01-15.wav
1497,03-01-06-02-01-01-15.wav
1498,03-01-05-02-01-02-15.wav
1499,03-01-05-01-02-02-15.wav
1500,03-01-06-01-02-01-15.wav
1501,03-01-08-01-02-01-15.wav
1502,03-01-08-02-01-01-15.wav
1503,03-01-07-02-01-01-15.wav
1504,03-01-04-02-01-02-15.wav
1505,03-01-04-01-02-02-15.wav
1506,03-01-07-01-02-01-15.wav
1507,03-01-05-02-02-01-15.wav
1508,03-01-06-02-02-02-15.wav
1509,03-01-06-01-01-02-15.wav
1510,03-01-05-01-01-01-15.wav
1511,03-01-02-01-01-01-15.wav
1512,03-01-01-01-01-02-15.wav
1513,03-01-02-02-02-01-15.wav
1514,03-01-03-01-02-02-15.wav
1515,03-01-03-02-01-02-15.wav
1516,03-02-03-02-02-02-15.wav
1517,03-02-03-01-01-02-15.wav
1518,03-02-02-02-01-01-15.wav
1519,03-02-01-01-02-02-15.wav
1520,03-02-02-01-02-01-15.wav
1521,03-02-05-01-02-01-15.wav
1522,03-02-06-01-02-02-15.wav
1523,03-02-06-02-01-02-15.wav
1524,03-02-05-02-01-01-15.wav
1525,03-02-04-01-01-02-15.wav
1526,03-02-04-02-02-02-15.wav
1527,03-02-06-01-01-01-15.wav
1528,03-02-05-01-01-02-15.wav
1529,03-02-05-02-02-02-15.wav
1530,03-02-06-02-02-01-15.wav
1531,03-02-04-01-02-01-15.wav
1532,03-02-04-02-01-01-15.wav
1533,03-02-03-02-01-01-15.wav
1534,03-02-03-01-02-01-15.wav
1535,03-02-02-02-02-02-15.wav
1536,03-02-02-01-01-02-15.wav
1537,03-02-01-01-01-01-15.wav
1538,03-02-04-02-02-01-15.wav
1539,03-02-04-01-01-01-15.wav
1540,03-02-05-02-01-02-15.wav
1541,03-02-06-02-01-01-15.wav
1542,03-02-06-01-02-01-15.wav
1543,03-02-05-01-02-02-15.wav
1544,03-02-02-01-02-02-15.wav
1545,03-02-01-01-02-01-15.wav
1546,03-02-02-02-01-02-15.wav
1547,03-02-03-01-01-01-15.wav
1548,03-02-03-02-02-01-15.wav
1549,03-02-01-01-01-02-15.wav
1550,03-02-02-01-01-01-15.wav
1551,03-02-02-02-02-01-15.wav
1552,03-02-03-01-02-02-15.wav
1553,03-02-03-02-01-02-15.wav
1554,03-02-04-02-01-02-15.wav
1555,03-02-04-01-02-02-15.wav
1556,03-02-06-02-02-02-15.wav
1557,03-02-05-02-02-01-15.wav
1558,03-02-05-01-01-01-15.wav
1559,03-02-06-01-01-02-15.wav
1560,03-01-05-01-02-01-16.wav
1561,03-01-06-01-02-02-16.wav
1562,03-01-06-02-01-02-16.wav
1563,03-01-05-02-01-01-16.wav
1564,03-01-07-01-01-01-16.wav
1565,03-01-04-01-01-02-16.wav
1566,03-01-04-02-02-02-16.wav
1567,03-01-07-02-02-01-16.wav
1568,03-01-08-02-02-01-16.wav
1569,03-01-08-01-01-01-16.wav
1570,03-01-03-02-02-02-16.wav
1571,03-01-03-01-01-02-16.wav
1572,03-01-02-02-01-01-16.wav
1573,03-01-01-01-02-02-16.wav
1574,03-01-02-01-02-01-16.wav
1575,03-01-03-02-01-01-16.wav
1576,03-01-03-01-02-01-16.wav
1577,03-01-02-02-02-02-16.wav
1578,03-01-02-01-01-02-16.wav
1579,03-01-01-01-01-01-16.wav
1580,03-01-06-01-01-01-16.wav
1581,03-01-05-01-01-02-16.wav
1582,03-01-05-02-02-02-16.wav
1583,03-01-06-02-02-01-16.wav
1584,03-01-04-01-02-01-16.wav
1585,03-01-07-01-02-02-16.wav
1586,03-01-07-02-01-02-16.wav
1587,03-01-04-02-01-01-16.wav
1588,03-01-08-02-01-02-16.wav
1589,03-01-08-01-02-02-16.wav
1590,03-01-02-01-02-02-16.wav
1591,03-01-01-01-02-01-16.wav
1592,03-01-02-02-01-02-16.wav
1593,03-01-03-01-01-01-16.wav
1594,03-01-03-02-02-01-16.wav
1595,03-01-07-02-02-02-16.wav
1596,03-01-04-02-02-01-16.wav
1597,03-01-04-01-01-01-16.wav
1598,03-01-07-01-01-02-16.wav
1599,03-01-05-02-01-02-16.wav
1600,03-01-06-02-01-01-16.wav
1601,03-01-06-01-02-01-16.wav
1602,03-01-05-01-02-02-16.wav
1603,03-01-08-01-01-02-16.wav
1604,03-01-08-02-02-02-16.wav
1605,03-01-04-02-01-02-16.wav
1606,03-01-07-02-01-01-16.wav
1607,03-01-07-01-02-01-16.wav
1608,03-01-04-01-02-02-16.wav
1609,03-01-06-02-02-02-16.wav
1610,03-01-05-02-02-01-16.wav
1611,03-01-05-01-01-01-16.wav
1612,03-01-06-01-01-02-16.wav
1613,03-01-08-01-02-01-16.wav
1614,03-01-08-02-01-01-16.wav
1615,03-01-01-01-01-02-16.wav
1616,03-01-02-01-01-01-16.wav
1617,03-01-02-02-02-01-16.wav
1618,03-01-03-01-02-02-16.wav
1619,03-01-03-02-01-02-16.wav
1620,03-02-03-02-02-02-16.wav
1621,03-02-03-01-01-02-16.wav
1622,03-02-02-02-01-01-16.wav
1623,03-02-02-01-02-01-16.wav
1624,03-02-01-01-02-02-16.wav
1625,03-02-06-01-02-02-16.wav
1626,03-02-05-01-02-01-16.wav
1627,03-02-05-02-01-01-16.wav
1628,03-02-06-02-01-02-16.wav
1629,03-02-04-01-01-02-16.wav
1630,03-02-04-02-02-02-16.wav
1631,03-02-05-01-01-02-16.wav
1632,03-02-06-01-01-01-16.wav
1633,03-02-06-02-02-01-16.wav
1634,03-02-05-02-02-02-16.wav
1635,03-02-04-01-02-01-16.wav
1636,03-02-04-02-01-01-16.wav
1637,03-02-03-02-01-01-16.wav
1638,03-02-03-01-02-01-16.wav
1639,03-02-02-02-02-02-16.wav
1640,03-02-01-01-01-01-16.wav
1641,03-02-02-01-01-02-16.wav
1642,03-02-04-02-02-01-16.wav
1643,03-02-04-01-01-01-16.wav
1644,03-02-06-02-01-01-16.wav
1645,03-02-05-02-01-02-16.wav
1646,03-02-05-01-02-02-16.wav
1647,03-02-06-01-02-01-16.wav
1648,03-02-01-01-02-01-16.wav
1649,03-02-02-01-02-02-16.wav
1650,03-02-02-02-01-02-16.wav
1651,03-02-03-01-01-01-16.wav
1652,03-02-03-02-02-01-16.wav
1653,03-02-02-01-01-01-16.wav
1654,03-02-01-01-01-02-16.wav
1655,03-02-02-02-02-01-16.wav
1656,03-02-03-01-02-02-16.wav
1657,03-02-03-02-01-02-16.wav
1658,03-02-04-02-01-02-16.wav
1659,03-02-04-01-02-02-16.wav
1660,03-02-05-02-02-01-16.wav
1661,03-02-06-02-02-02-16.wav
1662,03-02-06-01-01-02-16.wav
1663,03-02-05-01-01-01-16.wav
1664,03-01-07-02-02-01-17.wav
1665,03-01-04-02-02-02-17.wav
1666,03-01-04-01-01-02-17.wav
1667,03-01-07-01-01-01-17.wav
1668,03-01-05-02-01-01-17.wav
1669,03-01-06-02-01-02-17.wav
1670,03-01-06-01-02-02-17.wav
1671,03-01-05-01-02-01-17.wav
1672,03-01-08-01-01-01-17.wav
1673,03-01-08-02-02-01-17.wav
1674,03-01-02-01-02-01-17.wav
1675,03-01-01-01-02-02-17.wav
1676,03-01-02-02-01-01-17.wav
1677,03-01-03-01-01-02-17.wav
1678,03-01-03-02-02-02-17.wav
1679,03-01-01-01-01-01-17.wav
1680,03-01-02-01-01-02-17.wav
1681,03-01-02-02-02-02-17.wav
1682,03-01-03-01-02-01-17.wav
1683,03-01-03-02-01-01-17.wav
1684,03-01-04-02-01-01-17.wav
1685,03-01-07-02-01-02-17.wav
1686,03-01-07-01-02-02-17.wav
1687,03-01-04-01-02-01-17.wav
1688,03-01-06-02-02-01-17.wav
1689,03-01-05-02-02-02-17.wav
1690,03-01-05-01-01-02-17.wav
1691,03-01-06-01-01-01-17.wav
1692,03-01-08-01-02-02-17.wav
1693,03-01-08-02-01-02-17.wav
1694,03-01-03-02-02-01-17.wav
1695,03-01-03-01-01-01-17.wav
1696,03-01-02-02-01-02-17.wav
1697,03-01-01-01-02-01-17.wav
1698,03-01-02-01-02-02-17.wav
1699,03-01-05-01-02-02-17.wav
1700,03-01-06-01-02-01-17.wav
1701,03-01-06-02-01-01-17.wav
1702,03-01-05-02-01-02-17.wav
1703,03-01-07-01-01-02-17.wav
1704,03-01-04-01-01-01-17.wav
1705,03-01-04-02-02-01-17.wav
1706,03-01-07-02-02-02-17.wav
1707,03-01-08-02-02-02-17.wav
1708,03-01-08-01-01-02-17.wav
1709,03-01-06-01-01-02-17.wav
1710,03-01-05-01-01-01-17.wav
1711,03-01-05-02-02-01-17.wav
1712,03-01-06-02-02-02-17.wav
1713,03-01-04-01-02-02-17.wav
1714,03-01-07-01-02-01-17.wav
1715,03-01-07-02-01-01-17.wav
1716,03-01-04-02-01-02-17.wav
1717,03-01-08-02-01-01-17.wav
1718,03-01-08-01-02-01-17.wav
1719,03-01-03-02-01-02-17.wav
1720,03-01-03-01-02-02-17.wav
1721,03-01-02-02-02-01-17.wav
1722,03-01-02-01-01-01-17.wav
1723,03-01-01-01-01-02-17.wav
1724,03-02-01-01-02-02-17.wav
1725,03-02-02-01-02-01-17.wav
1726,03-02-02-02-01-01-17.wav
1727,03-02-03-01-01-02-17.wav
1728,03-02-03-02-02-02-17.wav
1729,03-02-04-02-02-02-17.wav
1730,03-02-04-01-01-02-17.wav
1731,03-02-06-02-01-02-17.wav
1732,03-02-05-02-01-01-17.wav
1733,03-02-05-01-02-01-17.wav
1734,03-02-06-01-02-02-17.wav
1735,03-02-04-02-01-01-17.wav
1736,03-02-04-01-02-01-17.wav
1737,03-02-05-02-02-02-17.wav
1738,03-02-06-02-02-01-17.wav
1739,03-02-06-01-01-01-17.wav
1740,03-02-05-01-01-02-17.wav
1741,03-02-02-01-01-02-17.wav
1742,03-02-01-01-01-01-17.wav
1743,03-02-02-02-02-02-17.wav
1744,03-02-03-01-02-01-17.wav
1745,03-02-03-02-01-01-17.wav
1746,03-02-06-01-02-01-17.wav
1747,03-02-05-01-02-02-17.wav
1748,03-02-05-02-01-02-17.wav
1749,03-02-06-02-01-01-17.wav
1750,03-02-04-01-01-01-17.wav
1751,03-02-04-02-02-01-17.wav
1752,03-02-03-02-02-01-17.wav
1753,03-02-03-01-01-01-17.wav
1754,03-02-02-02-01-02-17.wav
1755,03-02-02-01-02-02-17.wav
1756,03-02-01-01-02-01-17.wav
1757,03-02-03-02-01-02-17.wav
1758,03-02-03-01-02-02-17.wav
1759,03-02-02-02-02-01-17.wav
1760,03-02-01-01-01-02-17.wav
1761,03-02-02-01-01-01-17.wav
1762,03-02-05-01-01-01-17.wav
1763,03-02-06-01-01-02-17.wav
1764,03-02-06-02-02-02-17.wav
1765,03-02-05-02-02-01-17.wav
1766,03-02-04-01-02-02-17.wav
1767,03-02-04-02-01-02-17.wav
1768,03-01-03-02-01-02-18.wav
1769,03-01-03-01-02-02-18.wav
1770,03-01-02-02-02-01-18.wav
1771,03-01-02-01-01-01-18.wav
1772,03-01-01-01-01-02-18.wav
1773,03-01-06-01-01-02-18.wav
1774,03-01-05-01-01-01-18.wav
1775,03-01-05-02-02-01-18.wav
1776,03-01-06-02-02-02-18.wav
1777,03-01-04-01-02-02-18.wav
1778,03-01-07-01-02-01-18.wav
1779,03-01-07-02-01-01-18.wav
1780,03-01-04-02-01-02-18.wav
1781,03-01-08-02-01-01-18.wav
1782,03-01-08-01-02-01-18.wav
1783,03-01-05-01-02-02-18.wav
1784,03-01-06-01-02-01-18.wav
1785,03-01-06-02-01-01-18.wav
1786,03-01-05-02-01-02-18.wav
1787,03-01-07-01-01-02-18.wav
1788,03-01-04-01-01-01-18.wav
1789,03-01-04-02-02-01-18.wav
1790,03-01-07-02-02-02-18.wav
1791,03-01-08-02-02-02-18.wav
1792,03-01-08-01-01-02-18.wav
1793,03-01-03-02-02-01-18.wav
1794,03-01-03-01-01-01-18.wav
1795,03-01-02-02-01-02-18.wav
1796,03-01-01-01-02-01-18.wav
1797,03-01-02-01-02-02-18.wav
1798,03-01-04-02-01-01-18.wav
1799,03-01-07-02-01-02-18.wav
1800,03-01-07-01-02-02-18.wav
1801,03-01-04-01-02-01-18.wav
1802,03-01-06-02-02-01-18.wav
1803,03-01-05-02-02-02-18.wav
1804,03-01-05-01-01-02-18.wav
1805,03-01-06-01-01-01-18.wav
1806,03-01-08-01-02-02-18.wav
1807,03-01-08-02-01-02-18.wav
1808,03-01-01-01-01-01-18.wav
1809,03-01-02-01-01-02-18.wav
1810,03-01-02-02-02-02-18.wav
1811,03-01-03-01-02-01-18.wav
1812,03-01-03-02-01-01-18.wav
1813,03-01-02-01-02-01-18.wav
1814,03-01-01-01-02-02-18.wav
1815,03-01-02-02-01-01-18.wav
1816,03-01-03-01-01-02-18.wav
1817,03-01-03-02-02-02-18.wav
1818,03-01-07-02-02-01-18.wav
1819,03-01-04-02-02-02-18.wav
1820,03-01-04-01-01-02-18.wav
1821,03-01-07-01-01-01-18.wav
1822,03-01-05-02-01-01-18.wav
1823,03-01-06-02-01-02-18.wav
1824,03-01-06-01-02-02-18.wav
1825,03-01-05-01-02-01-18.wav
1826,03-01-08-01-01-01-18.wav
1827,03-01-08-02-02-01-18.wav
1828,03-01-01-01-01-02-19.wav
1829,03-01-02-01-01-01-19.wav
1830,03-01-02-02-02-01-19.wav
1831,03-01-03-01-02-02-19.wav
1832,03-01-03-02-01-02-19.wav
1833,03-01-04-02-01-02-19.wav
1834,03-01-07-02-01-01-19.wav
1835,03-01-07-01-02-01-19.wav
1836,03-01-04-01-02-02-19.wav
1837,03-01-06-02-02-02-19.wav
1838,03-01-05-02-02-01-19.wav
1839,03-01-05-01-01-01-19.wav
1840,03-01-06-01-01-02-19.wav
1841,03-01-08-01-02-01-19.wav
1842,03-01-08-02-01-01-19.wav
1843,03-01-07-02-02-02-19.wav
1844,03-01-04-02-02-01-19.wav
1845,03-01-04-01-01-01-19.wav
1846,03-01-07-01-01-02-19.wav
1847,03-01-05-02-01-02-19.wav
1848,03-01-06-02-01-01-19.wav
1849,03-01-06-01-02-01-19.wav
1850,03-01-05-01-02-02-19.wav
1851,03-01-08-01-01-02-19.wav
1852,03-01-08-02-02-02-19.wav
1853,03-01-02-01-02-02-19.wav
1854,03-01-01-01-02-01-19.wav
1855,03-01-02-02-01-02-19.wav
1856,03-01-03-01-01-01-19.wav
1857,03-01-03-02-02-01-19.wav
1858,03-01-06-01-01-01-19.wav
1859,03-01-05-01-01-02-19.wav
1860,03-01-05-02-02-02-19.wav
1861,03-01-06-02-02-01-19.wav
1862,03-01-04-01-02-01-19.wav
1863,03-01-07-01-02-02-19.wav
1864,03-01-07-02-01-02-19.wav
1865,03-01-04-02-01-01-19.wav
1866,03-01-08-02-01-02-19.wav
1867,03-01-08-01-02-02-19.wav
1868,03-01-03-02-01-01-19.wav
1869,03-01-03-01-02-01-19.wav
1870,03-01-02-02-02-02-19.wav
1871,03-01-02-01-01-02-19.wav
1872,03-01-01-01-01-01-19.wav
1873,03-01-03-02-02-02-19.wav
1874,03-01-03-01-01-02-19.wav
1875,03-01-02-02-01-01-19.wav
1876,03-01-01-01-02-02-19.wav
1877,03-01-02-01-02-01-19.wav
1878,03-01-05-01-02-01-19.wav
1879,03-01-06-01-02-02-19.wav
1880,03-01-06-02-01-02-19.wav
1881,03-01-05-02-01-01-19.wav
1882,03-01-07-01-01-01-19.wav
1883,03-01-04-01-01-02-19.wav
1884,03-01-04-02-02-02-19.wav
1885,03-01-07-02-02-01-19.wav
1886,03-01-08-02-02-01-19.wav
1887,03-01-08-01-01-01-19.wav
1888,03-02-04-02-01-02-19.wav
1889,03-02-04-01-02-02-19.wav
1890,03-02-05-02-02-01-19.wav
1891,03-02-06-02-02-02-19.wav
1892,03-02-06-01-01-02-19.wav
1893,03-02-05-01-01-01-19.wav
1894,03-02-02-01-01-01-19.wav
1895,03-02-01-01-01-02-19.wav
1896,03-02-02-02-02-01-19.wav
1897,03-02-03-01-02-02-19.wav
1898,03-02-03-02-01-02-19.wav
1899,03-02-01-01-02-01-19.wav
1900,03-02-02-01-02-02-19.wav
1901,03-02-02-02-01-02-19.wav
1902,03-02-03-01-01-01-19.wav
1903,03-02-03-02-02-01-19.wav
1904,03-02-04-02-02-01-19.wav
1905,03-02-04-01-01-01-19.wav
1906,03-02-06-02-01-01-19.wav
1907,03-02-05-02-01-02-19.wav
1908,03-02-05-01-02-02-19.wav
1909,03-02-06-01-02-01-19.wav
1910,03-02-03-02-01-01-19.wav
1911,03-02-03-01-02-01-19.wav
1912,03-02-02-02-02-02-19.wav
1913,03-02-01-01-01-01-19.wav
1914,03-02-02-01-01-02-19.wav
1915,03-02-05-01-01-02-19.wav
1916,03-02-06-01-01-01-19.wav
1917,03-02-06-02-02-01-19.wav
1918,03-02-05-02-02-02-19.wav
1919,03-02-04-01-02-01-19.wav
1920,03-02-04-02-01-01-19.wav
1921,03-02-06-01-02-02-19.wav
1922,03-02-05-01-02-01-19.wav
1923,03-02-05-02-01-01-19.wav
1924,03-02-06-02-01-02-19.wav
1925,03-02-04-01-01-02-19.wav
1926,03-02-04-02-02-02-19.wav
1927,03-02-03-02-02-02-19.wav
1928,03-02-03-01-01-02-19.wav
1929,03-02-02-02-01-01-19.wav
1930,03-02-02-01-02-01-19.wav
1931,03-02-01-01-02-02-19.wav
1932,03-01-08-01-02-01-20.wav
1933,03-01-08-02-01-01-20.wav
1934,03-01-04-02-01-02-20.wav
1935,03-01-07-02-01-01-20.wav
1936,03-01-07-01-02-01-20.wav
1937,03-01-04-01-02-02-20.wav
1938,03-01-06-02-02-02-20.wav
1939,03-01-05-02-02-01-20.wav
1940,03-01-05-01-01-01-20.wav
1941,03-01-06-01-01-02-20.wav
1942,03-01-01-01-01-02-20.wav
1943,03-01-02-01-01-01-20.wav
1944,03-01-02-02-02-01-20.wav
1945,03-01-03-01-02-02-20.wav
1946,03-01-03-02-01-02-20.wav
1947,03-01-02-01-02-02-20.wav
1948,03-01-01-01-02-01-20.wav
1949,03-01-02-02-01-02-20.wav
1950,03-01-03-01-01-01-20.wav
1951,03-01-03-02-02-01-20.wav
1952,03-01-08-01-01-02-20.wav
1953,03-01-08-02-02-02-20.wav
1954,03-01-07-02-02-02-20.wav
1955,03-01-04-02-02-01-20.wav
1956,03-01-04-01-01-01-20.wav
1957,03-01-07-01-01-02-20.wav
1958,03-01-05-02-01-02-20.wav
1959,03-01-06-02-01-01-20.wav
1960,03-01-06-01-02-01-20.wav
1961,03-01-05-01-02-02-20.wav
1962,03-01-03-02-01-01-20.wav
1963,03-01-03-01-02-01-20.wav
1964,03-01-02-02-02-02-20.wav
1965,03-01-02-01-01-02-20.wav
1966,03-01-01-01-01-01-20.wav
1967,03-01-08-02-01-02-20.wav
1968,03-01-08-01-02-02-20.wav
1969,03-01-06-01-01-01-20.wav
1970,03-01-05-01-01-02-20.wav
1971,03-01-05-02-02-02-20.wav
1972,03-01-06-02-02-01-20.wav
1973,03-01-04-01-02-01-20.wav
1974,03-01-07-01-02-02-20.wav
1975,03-01-07-02-01-02-20.wav
1976,03-01-04-02-01-01-20.wav
1977,03-01-08-02-02-01-20.wav
1978,03-01-08-01-01-01-20.wav
1979,03-01-05-01-02-01-20.wav
1980,03-01-06-01-02-02-20.wav
1981,03-01-06-02-01-02-20.wav
1982,03-01-05-02-01-01-20.wav
1983,03-01-07-01-01-01-20.wav
1984,03-01-04-01-01-02-20.wav
1985,03-01-04-02-02-02-20.wav
1986,03-01-07-02-02-01-20.wav
1987,03-01-03-02-02-02-20.wav
1988,03-01-03-01-01-02-20.wav
1989,03-01-02-02-01-01-20.wav
1990,03-01-01-01-02-02-20.wav
1991,03-01-02-01-02-01-20.wav
1992,03-02-02-01-01-01-20.wav
1993,03-02-01-01-01-02-20.wav
1994,03-02-02-02-02-01-20.wav
1995,03-02-03-01-02-02-20.wav
1996,03-02-03-02-01-02-20.wav
1997,03-02-04-02-01-02-20.wav
1998,03-02-04-01-02-02-20.wav
1999,03-02-05-02-02-01-20.wav
2000,03-02-06-02-02-02-20.wav
2001,03-02-06-01-01-02-20.wav
2002,03-02-05-01-01-01-20.wav
2003,03-02-04-02-02-01-20.wav
2004,03-02-04-01-01-01-20.wav
2005,03-02-06-02-01-01-20.wav
2006,03-02-05-02-01-02-20.wav
2007,03-02-05-01-02-02-20.wav
2008,03-02-06-01-02-01-20.wav
2009,03-02-01-01-02-01-20.wav
2010,03-02-02-01-02-02-20.wav
2011,03-02-02-02-01-02-20.wav
2012,03-02-03-01-01-01-20.wav
2013,03-02-03-02-02-01-20.wav
2014,03-02-05-01-01-02-20.wav
2015,03-02-06-01-01-01-20.wav
2016,03-02-06-02-02-01-20.wav
2017,03-02-05-02-02-02-20.wav
2018,03-02-04-01-02-01-20.wav
2019,03-02-04-02-01-01-20.wav
2020,03-02-03-02-01-01-20.wav
2021,03-02-03-01-02-01-20.wav
2022,03-02-02-02-02-02-20.wav
2023,03-02-01-01-01-01-20.wav
2024,03-02-02-01-01-02-20.wav
2025,03-02-03-02-02-02-20.wav
2026,03-02-03-01-01-02-20.wav
2027,03-02-02-02-01-01-20.wav
2028,03-02-02-01-02-01-20.wav
2029,03-02-01-01-02-02-20.wav
2030,03-02-06-01-02-02-20.wav
2031,03-02-05-01-02-01-20.wav
2032,03-02-05-02-01-01-20.wav
2033,03-02-06-02-01-02-20.wav
2034,03-02-04-01-01-02-20.wav
2035,03-02-04-02-02-02-20.wav
